time,ax (m/s^2),ay (m/s^2),az (m/s^2),aT (m/s^2)
0,0.21,-2.35,2.67,3.56
0.01,-0.89,-2.73,1.96,3.48
0.02,-1.89,-2.59,0.71,3.29
0.03,-2.41,-2.27,-0.42,3.34
0.04,-2.34,-1.76,-1.09,3.12
0.05,-1.86,-1.26,-1.28,2.58
0.06,-1.25,-0.86,-1.16,1.91
0.07,-0.71,-0.57,-0.84,1.23
0.08,-0.28,-0.31,-0.39,0.58
0.09,-0.02,-0.14,0.02,0.15
0.1,0.08,-0.12,0.28,0.31
0.11,0.09,-0.2,0.4,0.46
0.12,0.08,-0.32,0.41,0.53
0.13,0.01,-0.46,0.35,0.58
0.14,-0.13,-0.56,0.26,0.63
0.15,-0.22,-0.66,0.24,0.74
0.16,-0.2,-0.75,0.38,0.87
0.17,-0.16,-0.81,0.54,0.98
0.18,-0.07,-0.85,0.68,1.1
0.19,-0.02,-0.88,0.77,1.17
0.2,0,-0.88,0.72,1.14
0.211,-0.03,-0.89,0.56,1.05
0.22,-0.08,-0.89,0.31,0.95
0.23,-0.14,-0.84,0.18,0.87
0.24,-0.15,-0.78,0.26,0.83
0.25,-0.08,-0.76,0.42,0.87
0.26,0.1,-0.75,0.47,0.89
0.27,0.24,-0.7,0.47,0.88
0.28,0.33,-0.61,0.42,0.81
0.29,0.37,-0.52,0.37,0.74
0.3,0.4,-0.46,0.26,0.66
0.31,0.49,-0.37,0.08,0.62
0.32,0.53,-0.26,-0.1,0.6
0.33,0.52,-0.14,-0.18,0.57
0.34,0.47,-0.09,-0.11,0.49
0.35,0.41,-0.14,-0.03,0.44
0.36,0.42,-0.24,0.04,0.48
0.37,0.41,-0.34,0.02,0.53
0.38,0.43,-0.38,0,0.57
0.39,0.43,-0.39,0.09,0.59
0.4,0.38,-0.48,0.26,0.67
0.41,0.37,-0.6,0.43,0.83
0.42,0.36,-0.71,0.6,1
0.43,0.2,-0.78,0.74,1.09
0.44,-0.19,-0.75,0.88,1.18
0.45,-0.66,-0.6,0.8,1.2
0.46,-0.76,-0.51,0.4,0.99
0.47,-0.45,-0.61,-0.14,0.77
0.48,0.06,-0.66,-0.35,0.75
0.49,0.46,-0.66,0.06,0.81
0.501,0.6,-0.82,0.71,1.24
0.51,0.52,-1.21,1.24,1.81
0.52,0.4,-1.49,1.7,2.29
0.531,0.2,-1.61,1.97,2.56
0.541,-0.09,-1.68,1.98,2.59
0.55,-0.33,-1.59,1.58,2.27
0.56,-0.4,-1.44,0.91,1.75
0.571,-0.31,-1.21,0.21,1.27
0.581,-0.18,-0.94,-0.26,0.99
0.591,-0.1,-0.71,-0.5,0.88
0.601,-0.06,-0.61,-0.62,0.87
0.61,-0.03,-0.56,-0.61,0.83
0.621,-0.03,-0.55,-0.48,0.73
0.631,-0.03,-0.58,-0.28,0.64
0.641,-0.09,-0.66,-0.15,0.68
0.651,-0.18,-0.71,-0.08,0.74
0.661,-0.32,-0.73,-0.06,0.81
0.671,-0.48,-0.77,-0.07,0.91
0.681,-0.53,-0.74,-0.09,0.92
0.691,-0.48,-0.69,-0.07,0.84
0.701,-0.39,-0.66,0,0.77
0.711,-0.36,-0.62,0.04,0.72
0.721,-0.41,-0.65,0.13,0.78
0.731,-0.5,-0.77,0.24,0.95
0.741,-0.61,-0.87,0.32,1.11
0.751,-0.68,-0.95,0.38,1.23
0.761,-0.74,-1.03,0.44,1.34
0.771,-0.76,-1.05,0.5,1.39
0.781,-0.73,-1.06,0.6,1.42
0.791,-0.72,-1.07,0.67,1.45
0.801,-0.73,-1.03,0.71,1.45
0.811,-0.75,-0.92,0.63,1.35
0.821,-0.81,-0.84,0.51,1.27
0.831,-0.92,-0.78,0.34,1.25
0.841,-0.95,-0.72,0.15,1.21
0.851,-0.92,-0.65,0.04,1.13
0.861,-0.9,-0.57,0.01,1.06
0.871,-0.94,-0.56,0.05,1.09
0.881,-0.91,-0.55,0.08,1.07
0.891,-0.89,-0.49,0.08,1.02
0.901,-0.98,-0.45,0.1,1.08
0.911,-1.07,-0.46,0.07,1.16
0.921,-1.09,-0.41,0.07,1.17
0.931,-1.09,-0.32,0.04,1.14
0.941,-1.06,-0.22,0.02,1.08
0.951,-1.06,-0.16,0.05,1.08
0.961,-1.07,-0.18,0.14,1.1
0.971,-1.04,-0.26,0.26,1.1
0.981,-1,-0.35,0.4,1.13
0.991,-1.03,-0.43,0.52,1.23
1.001,-1.1,-0.53,0.6,1.36
1.011,-1.16,-0.64,0.72,1.5
1.021,-1.21,-0.72,0.83,1.64
1.031,-1.23,-0.71,0.87,1.67
1.041,-1.18,-0.68,0.85,1.6
1.051,-1.15,-0.59,0.73,1.49
1.061,-1.19,-0.52,0.58,1.42
1.071,-1.25,-0.45,0.4,1.39
1.081,-1.32,-0.37,0.2,1.38
1.091,-1.4,-0.33,0.08,1.44
1.101,-1.43,-0.34,0.03,1.47
1.111,-1.45,-0.37,0.04,1.5
1.121,-1.5,-0.4,0.08,1.55
1.131,-1.54,-0.44,0.12,1.61
1.141,-1.59,-0.47,0.19,1.66
1.151,-1.65,-0.54,0.23,1.75
1.161,-1.7,-0.63,0.28,1.84
1.171,-1.74,-0.71,0.31,1.9
1.181,-1.68,-0.74,0.38,1.87
1.191,-1.61,-0.79,0.5,1.86
1.201,-1.49,-0.83,0.6,1.81
1.211,-1.34,-0.84,0.61,1.69
1.221,-1.3,-0.87,0.51,1.64
1.231,-1.37,-0.96,0.41,1.72
1.241,-1.43,-1.05,0.37,1.81
1.251,-1.43,-1.1,0.37,1.84
1.261,-1.42,-1.11,0.34,1.84
1.271,-1.41,-1.07,0.3,1.8
1.281,-1.39,-1.01,0.17,1.73
1.291,-1.3,-0.93,0.01,1.6
1.301,-1.16,-0.82,-0.12,1.43
1.311,-1.11,-0.71,-0.18,1.33
1.321,-1.11,-0.66,-0.17,1.3
1.331,-1.04,-0.64,-0.18,1.23
1.341,-0.94,-0.58,-0.16,1.11
1.351,-0.86,-0.52,-0.16,1.02
1.361,-0.84,-0.45,-0.16,0.97
1.371,-0.87,-0.37,-0.19,0.97
1.381,-0.87,-0.32,-0.21,0.95
1.391,-0.91,-0.26,-0.29,0.99
1.401,-0.96,-0.22,-0.36,1.05
1.411,-0.95,-0.11,-0.44,1.06
1.421,-0.96,-0.03,-0.55,1.1
1.431,-0.95,0.03,-0.64,1.14
1.441,-0.99,0.07,-0.68,1.2
1.451,-1.06,0.02,-0.62,1.23
1.461,-1.13,-0.06,-0.46,1.22
1.471,-1.17,-0.19,-0.2,1.21
1.481,-1.15,-0.41,0.06,1.22
1.491,-1.02,-0.61,0.28,1.22
1.501,-0.9,-0.73,0.46,1.25
1.511,-0.83,-0.81,0.69,1.35
1.521,-0.83,-0.89,0.89,1.51
1.531,-0.89,-0.96,1.05,1.68
1.542,-0.92,-1.04,1.06,1.75
1.551,-0.89,-1.08,0.91,1.67
1.561,-0.77,-1.01,0.65,1.43
1.572,-0.66,-0.85,0.34,1.13
1.582,-0.54,-0.69,0.06,0.88
1.592,-0.42,-0.59,-0.09,0.73
1.602,-0.32,-0.55,-0.21,0.67
1.611,-0.23,-0.53,-0.3,0.65
1.621,-0.12,-0.48,-0.38,0.62
1.631,-0.09,-0.48,-0.36,0.61
1.642,-0.06,-0.55,-0.27,0.61
1.652,-0.07,-0.63,-0.11,0.64
1.661,-0.07,-0.74,0.08,0.74
1.672,-0.06,-0.81,0.28,0.86
1.682,-0.05,-0.86,0.44,0.96
1.692,0.03,-0.87,0.59,1.05
1.702,0.11,-0.84,0.64,1.06
1.712,0.15,-0.76,0.58,0.97
1.722,0.15,-0.64,0.45,0.79
1.732,0.17,-0.52,0.26,0.6
1.742,0.23,-0.38,0.05,0.44
1.752,0.31,-0.2,-0.11,0.39
1.762,0.37,-0.09,-0.24,0.45
1.772,0.5,0,-0.28,0.57
1.782,0.64,0.09,-0.27,0.7
1.792,0.73,0.14,-0.21,0.78
1.802,0.7,0.09,-0.09,0.71
1.812,0.57,-0.08,0,0.58
1.822,0.44,-0.33,0.15,0.58
1.832,0.34,-0.56,0.36,0.75
1.842,0.25,-0.78,0.58,1.01
1.852,0.21,-0.92,0.74,1.2
1.862,0.26,-0.96,0.78,1.26
1.872,0.35,-0.92,0.68,1.19
1.882,0.49,-0.8,0.49,1.06
1.892,0.66,-0.65,0.31,0.98
1.902,0.78,-0.53,0.12,0.95
1.912,0.81,-0.45,-0.07,0.93
1.922,0.8,-0.38,-0.28,0.93
1.932,0.76,-0.34,-0.41,0.93
1.942,0.69,-0.3,-0.53,0.92
1.952,0.6,-0.33,-0.6,0.91
1.962,0.53,-0.38,-0.62,0.9
1.972,0.44,-0.43,-0.63,0.88
1.982,0.34,-0.47,-0.64,0.86
1.992,0.24,-0.48,-0.7,0.88
2.002,0.19,-0.45,-0.77,0.91
2.012,0.16,-0.39,-0.81,0.91
2.022,0.2,-0.33,-0.82,0.91
2.032,0.29,-0.23,-0.76,0.84
2.042,0.36,-0.14,-0.67,0.77
2.052,0.49,-0.06,-0.57,0.75
2.062,0.6,0.04,-0.51,0.79
2.072,0.69,0.17,-0.46,0.85
2.082,0.79,0.3,-0.43,0.95
2.092,0.89,0.4,-0.36,1.04
2.102,0.91,0.46,-0.27,1.05
2.112,0.89,0.48,-0.14,1.03
2.122,0.86,0.48,0.02,0.99
2.132,0.82,0.46,0.15,0.95
2.142,0.76,0.43,0.2,0.9
2.152,0.73,0.42,0.18,0.86
2.162,0.67,0.46,0.12,0.82
2.172,0.6,0.51,0.02,0.79
2.182,0.57,0.57,-0.08,0.81
2.192,0.62,0.63,-0.2,0.91
2.202,0.68,0.71,-0.29,1.03
2.212,0.68,0.78,-0.39,1.11
2.222,0.65,0.83,-0.45,1.15
2.232,0.62,0.89,-0.46,1.18
2.242,0.6,0.93,-0.39,1.18
2.252,0.59,0.93,-0.25,1.13
2.262,0.6,0.9,-0.06,1.09
2.272,0.63,0.87,0.13,1.08
2.282,0.65,0.84,0.28,1.1
2.292,0.66,0.77,0.42,1.1
2.302,0.6,0.66,0.53,1.04
2.312,0.56,0.56,0.65,1.02
2.322,0.52,0.46,0.7,0.99
2.332,0.51,0.39,0.72,0.96
2.342,0.48,0.37,0.76,0.97
2.352,0.47,0.33,0.8,0.98
2.362,0.4,0.32,0.83,0.97
2.372,0.08,0.34,0.85,0.92
2.382,-0.42,0.55,0.7,0.98
2.392,-0.64,0.83,0.22,1.07
2.402,-0.39,0.89,-0.35,1.04
2.412,0.01,0.9,-0.66,1.11
2.422,0.24,1.02,-0.4,1.12
2.432,0.29,1.07,0.19,1.12
2.442,0.42,0.9,0.73,1.24
2.452,0.68,0.61,1.17,1.48
2.462,0.95,0.41,1.54,1.85
2.472,1.09,0.3,1.7,2.04
2.482,1.14,0.23,1.7,2.06
2.492,1.12,0.17,1.51,1.88
2.502,1.09,0.07,1.15,1.59
2.512,0.98,-0.12,0.89,1.33
2.522,0.84,-0.33,0.62,1.09
2.532,0.61,-0.53,0.4,0.9
2.542,0.4,-0.66,0.22,0.81
2.552,0.28,-0.69,0.02,0.74
2.563,0.23,-0.63,-0.23,0.71
2.572,0.23,-0.54,-0.49,0.77
2.582,0.25,-0.44,-0.73,0.89
2.592,0.17,-0.4,-0.93,1.03
2.602,0.01,-0.43,-1.04,1.12
2.612,-0.29,-0.45,-1.04,1.17
2.623,-0.6,-0.54,-0.97,1.27
2.632,-0.74,-0.69,-0.86,1.33
2.643,-0.76,-0.86,-0.71,1.35
2.653,-0.63,-0.97,-0.42,1.23
2.662,-0.37,-1,-0.02,1.06
2.673,-0.08,-0.94,0.48,1.06
2.683,0.23,-0.9,0.84,1.26
2.693,0.43,-0.87,1.08,1.45
2.702,0.44,-0.88,1.17,1.53
2.712,0.32,-0.95,1.14,1.52
2.723,0.11,-1.02,0.95,1.39
2.733,-0.11,-1.06,0.53,1.19
2.743,-0.24,-0.99,-0.02,1.02
2.753,-0.34,-0.8,-0.47,0.99
2.763,-0.41,-0.59,-0.82,1.09
2.773,-0.5,-0.41,-1.13,1.3
2.783,-0.5,-0.32,-1.34,1.46
2.793,-0.47,-0.29,-1.48,1.57
2.803,-0.44,-0.24,-1.56,1.64
2.813,-0.4,-0.2,-1.54,1.6
2.823,-0.38,-0.11,-1.42,1.47
2.833,-0.34,-0.03,-1.23,1.27
2.843,-0.24,0.01,-0.98,1.01
2.853,-0.13,0.02,-0.8,0.82
2.863,-0.06,0.07,-0.73,0.73
2.873,-0.04,0.11,-0.65,0.66
2.883,-0.06,0.13,-0.55,0.57
2.893,-0.09,0.14,-0.47,0.5
2.903,-0.16,0.14,-0.36,0.42
2.913,-0.24,0.11,-0.25,0.36
2.923,-0.27,0.13,-0.16,0.34
2.933,-0.27,0.24,-0.15,0.39
2.943,-0.27,0.4,-0.17,0.51
2.953,-0.23,0.54,-0.27,0.65
2.963,-0.22,0.69,-0.36,0.81
2.973,-0.24,0.79,-0.47,0.95
2.983,-0.31,0.87,-0.57,1.08
2.993,-0.39,0.93,-0.62,1.18
3.003,-0.4,0.99,-0.66,1.25
3.013,-0.36,1.08,-0.68,1.32
3.023,-0.28,1.17,-0.61,1.35
3.033,-0.21,1.28,-0.51,1.4
3.043,-0.13,1.33,-0.38,1.39
3.053,-0.03,1.31,-0.17,1.32
3.063,0.07,1.21,0.02,1.21
3.073,0.14,1.08,0.17,1.1
3.083,0.19,0.95,0.35,1.03
3.093,0.2,0.78,0.52,0.96
3.103,0.22,0.61,0.59,0.88
3.113,0.3,0.43,0.65,0.84
3.124,0.34,0.28,0.71,0.83
3.133,0.3,0.2,0.78,0.86
3.143,0.04,0.37,0.93,1
3.153,-0.21,0.76,0.99,1.26
3.163,-0.16,1.05,0.8,1.33
3.173,0.25,1.03,0.5,1.17
3.183,0.78,0.97,0.28,1.27
3.193,1.05,0.96,0.28,1.46
3.203,1.15,0.92,0.45,1.53
3.213,1.22,0.67,0.67,1.54
3.223,1.37,0.29,1.03,1.74
3.233,1.43,-0.21,1.56,2.13
3.243,1.4,-0.7,2.03,2.56
3.253,1.26,-1.11,2.19,2.76
3.263,0.97,-1.39,2.03,2.64
3.273,0.74,-1.48,1.55,2.27
3.283,0.61,-1.33,0.83,1.68
3.293,0.6,-1,0.13,1.18
3.303,0.7,-0.69,-0.56,1.13
3.313,0.79,-0.44,-1.23,1.53
3.323,0.9,-0.23,-1.83,2.06
3.333,1.05,0,-2.31,2.54
3.343,1.16,0.22,-2.53,2.8
3.353,1.22,0.33,-2.4,2.71
3.363,1.14,0.26,-1.78,2.12
3.373,0.87,-0.11,-0.77,1.17
3.383,0.71,-0.61,0.07,0.94
3.393,0.59,-1.04,0.74,1.41
3.403,0.4,-1.29,1.17,1.79
3.413,0.17,-1.37,1.34,1.92
3.423,-0.02,-1.32,1.22,1.8
3.433,-0.08,-1.12,0.77,1.36
3.443,-0.01,-0.81,0.05,0.81
3.453,0.01,-0.46,-0.66,0.81
3.463,0.04,-0.12,-1.26,1.27
3.473,0.11,0.14,-1.64,1.65
3.483,0.15,0.28,-1.87,1.89
3.493,0.16,0.32,-1.9,1.93
3.503,0.12,0.33,-1.82,1.85
3.513,0.06,0.27,-1.65,1.68
3.523,0.03,0.16,-1.42,1.43
3.534,0,0.09,-1.13,1.13
3.543,0.06,0.05,-0.92,0.92
3.553,0.16,0.02,-0.76,0.78
3.563,0.25,0.04,-0.59,0.64
3.573,0.33,0.09,-0.4,0.53
3.583,0.41,0.14,-0.23,0.49
3.593,0.49,0.19,-0.06,0.53
3.603,0.53,0.19,0.02,0.56
3.613,0.58,0.2,0.07,0.62
3.623,0.6,0.22,0.07,0.64
3.633,0.6,0.27,0.05,0.66
3.643,0.64,0.33,0,0.72
3.654,0.62,0.46,-0.04,0.77
3.663,0.59,0.6,-0.16,0.86
3.673,0.6,0.7,-0.37,0.99
3.684,0.57,0.78,-0.49,1.09
3.694,0.56,0.89,-0.55,1.19
3.704,0.51,0.99,-0.52,1.23
3.714,0.54,1.06,-0.38,1.25
3.724,0.59,1.09,-0.22,1.25
3.734,0.6,1.06,-0.04,1.22
3.744,0.6,0.97,0.1,1.15
3.754,0.58,0.81,0.25,1.03
3.763,0.51,0.64,0.47,0.95
3.774,0.4,0.46,0.78,0.99
3.784,0.23,0.31,1.08,1.14
3.794,-0.28,0.35,1.37,1.44
3.804,-0.83,0.64,1.2,1.59
3.814,-0.89,0.85,0.45,1.31
3.824,-0.6,0.97,-0.19,1.15
3.834,-0.3,1.23,-0.47,1.35
3.844,-0.14,1.47,-0.42,1.53
3.854,-0.02,1.39,-0.17,1.4
3.864,0.24,0.92,0.36,1.02
3.874,0.53,0.35,1,1.19
3.884,0.67,-0.16,1.65,1.79
3.894,0.65,-0.45,2.19,2.33
3.904,0.64,-0.62,2.48,2.63
3.914,0.52,-0.77,2.49,2.66
3.924,0.38,-0.9,2.27,2.47
3.934,0.25,-1.02,1.76,2.05
3.944,0.08,-1.03,1.04,1.47
3.954,-0.11,-0.93,0.35,1
3.964,-0.3,-0.79,-0.11,0.86
3.974,-0.34,-0.72,-0.45,0.91
3.984,-0.31,-0.73,-0.63,1.02
3.994,-0.31,-0.73,-0.78,1.12
4.004,-0.39,-0.73,-0.88,1.21
4.014,-0.55,-0.69,-0.93,1.28
4.024,-0.79,-0.7,-1,1.45
4.034,-0.98,-0.74,-1.07,1.63
4.044,-1.14,-0.86,-1.15,1.83
4.054,-1.15,-1.01,-1.13,1.9
4.064,-1.06,-1.1,-0.91,1.78
4.074,-0.85,-1.23,-0.46,1.56
4.084,-0.5,-1.31,0.17,1.41
4.094,-0.1,-1.35,0.69,1.52
4.104,0.17,-1.35,1.12,1.76
4.116,0.24,-1.36,1.4,1.97
4.124,0.19,-1.39,1.41,1.99
4.134,0.09,-1.4,1.18,1.83
4.144,-0.02,-1.4,0.72,1.57
4.154,-0.13,-1.29,0.08,1.3
4.164,-0.27,-1.08,-0.5,1.22
4.174,-0.36,-0.8,-0.87,1.23
4.184,-0.38,-0.57,-1.12,1.31
4.194,-0.34,-0.41,-1.18,1.3
4.204,-0.28,-0.31,-1.19,1.26
4.214,-0.24,-0.24,-1.18,1.23
4.224,-0.23,-0.19,-1.17,1.21
4.234,-0.26,-0.11,-1.14,1.18
4.244,-0.3,-0.06,-1.12,1.16
4.254,-0.31,0.02,-1.12,1.16
4.264,-0.31,0.08,-1.12,1.17
4.274,-0.32,0.15,-1.11,1.17
4.284,-0.32,0.22,-1.08,1.15
4.294,-0.33,0.3,-1.05,1.14
4.304,-0.37,0.33,-1.01,1.13
4.314,-0.49,0.33,-0.97,1.14
4.324,-0.56,0.32,-0.84,1.06
4.334,-0.66,0.32,-0.63,0.97
4.344,-0.73,0.27,-0.37,0.86
4.354,-0.75,0.23,-0.14,0.8
4.364,-0.67,0.27,0.01,0.72
4.374,-0.53,0.33,0.17,0.65
4.384,-0.4,0.44,0.26,0.65
4.394,-0.38,0.57,0.34,0.76
4.404,-0.33,0.68,0.29,0.81
4.414,-0.28,0.79,0.18,0.86
4.424,-0.2,0.91,0.04,0.93
4.434,-0.1,1.02,-0.04,1.02
4.444,-0.04,1.09,-0.05,1.09
4.454,0.05,1.11,-0.03,1.11
4.464,0.23,1.11,0.04,1.13
4.474,0.39,1.09,0.13,1.17
4.484,0.49,1.04,0.24,1.18
4.494,0.55,0.94,0.28,1.13
4.504,0.51,0.82,0.22,0.99
4.514,0.45,0.63,0.13,0.79
4.524,0.36,0.45,0.1,0.59
4.534,0.26,0.31,0.22,0.46
4.544,0.07,0.25,0.44,0.51
4.554,-0.33,0.48,0.53,0.79
4.564,-0.64,0.75,0.24,1.01
4.574,-0.58,0.78,-0.2,0.99
4.584,-0.25,0.71,-0.69,1.02
4.594,-0.02,0.78,-0.94,1.22
4.604,0.21,0.92,-0.95,1.34
4.614,0.55,0.92,-0.73,1.29
4.624,0.96,0.67,-0.1,1.18
4.634,1.24,0.16,0.95,1.57
4.644,1.33,-0.48,1.9,2.37
4.654,1.22,-1.12,2.56,3.05
4.664,0.93,-1.69,2.97,3.54
4.674,0.58,-2.13,3.13,3.83
4.685,0.27,-2.41,2.91,3.79
4.694,0.1,-2.39,2.13,3.21
4.704,0.08,-2,0.98,2.23
4.714,0.22,-1.35,0.02,1.37
4.724,0.37,-0.74,-0.75,1.12
4.734,0.6,-0.19,-1.35,1.49
4.744,0.87,0.21,-1.83,2.04
4.755,1.13,0.48,-2.21,2.53
4.764,1.43,0.69,-2.34,2.83
4.775,1.59,0.77,-2.07,2.72
4.785,1.49,0.58,-1.28,2.05
4.794,1.22,0.12,-0.33,1.27
4.805,1.02,-0.46,0.35,1.17
4.814,0.74,-0.95,0.9,1.5
4.825,0.38,-1.23,1.28,1.82
4.835,0.01,-1.34,1.41,1.94
4.845,-0.27,-1.38,1.28,1.9
4.855,-0.41,-1.3,0.85,1.61
4.865,-0.33,-1.06,0.13,1.12
4.875,-0.25,-0.71,-0.42,0.86
4.885,-0.09,-0.34,-0.8,0.88
4.895,0.12,-0.02,-1.12,1.12
4.905,0.34,0.27,-1.27,1.34
4.915,0.47,0.46,-1.28,1.44
4.925,0.56,0.6,-1.27,1.51
4.935,0.61,0.68,-1.27,1.56
4.945,0.62,0.7,-1.26,1.57
4.955,0.58,0.65,-1.27,1.54
4.965,0.51,0.58,-1.21,1.43
4.975,0.43,0.47,-1.08,1.25
4.985,0.35,0.37,-0.95,1.08
4.995,0.24,0.31,-0.82,0.91
5.005,0.14,0.28,-0.71,0.78
5.015,0.06,0.28,-0.64,0.71
5.025,0.04,0.31,-0.61,0.68
5.035,0.05,0.4,-0.62,0.74
5.045,0.09,0.53,-0.7,0.88
5.055,0.15,0.67,-0.78,1.04
5.065,0.19,0.81,-0.82,1.17
5.075,0.26,0.88,-0.83,1.24
5.085,0.27,0.92,-0.8,1.25
5.095,0.29,0.94,-0.76,1.24
5.105,0.3,0.99,-0.67,1.23
5.115,0.31,1.02,-0.59,1.22
5.125,0.34,1.05,-0.53,1.23
5.135,0.32,1.06,-0.46,1.2
5.145,0.21,1.04,-0.28,1.1
5.155,0.13,1,-0.11,1.01
5.165,0.06,0.92,0.11,0.93
5.175,-0.05,0.77,0.42,0.88
5.185,-0.17,0.61,0.71,0.95
5.195,-0.37,0.54,1.07,1.26
5.205,-0.79,0.64,1.38,1.71
5.215,-1.34,0.86,1.35,2.09
5.225,-1.52,0.95,1.04,2.07
5.235,-1.29,0.93,0.84,1.8
5.245,-1.05,0.99,1.01,1.76
5.255,-0.83,1.06,1.35,1.91
5.265,-0.62,0.93,1.68,2.02
5.275,-0.39,0.62,2.05,2.18
5.285,-0.14,0.27,2.51,2.53
5.295,0.04,-0.09,2.92,2.92
5.305,0.09,-0.47,3.04,3.08
5.315,-0.01,-0.74,2.84,2.93
5.325,-0.16,-0.93,2.36,2.54
5.335,-0.26,-1.02,1.69,1.99
5.345,-0.24,-1.02,0.93,1.4
5.355,-0.15,-0.98,0.24,1.02
5.365,-0.07,-0.88,-0.19,0.9
5.375,0.05,-0.75,-0.44,0.87
5.385,0.09,-0.59,-0.62,0.86
5.395,0.08,-0.45,-0.87,0.98
5.405,-0.06,-0.34,-1.18,1.23
5.415,-0.24,-0.18,-1.57,1.6
5.425,-0.41,-0.06,-1.98,2.02
5.435,-0.59,0,-2.25,2.33
5.445,-0.71,-0.01,-2.33,2.43
5.455,-0.78,-0.13,-2.2,2.33
5.465,-0.79,-0.39,-1.84,2.03
5.475,-0.69,-0.67,-1.16,1.51
5.485,-0.41,-0.94,-0.38,1.09
5.495,-0.16,-1.11,0.28,1.15
5.505,-0.07,-1.21,0.92,1.52
5.515,-0.05,-1.29,1.37,1.88
5.525,-0.06,-1.34,1.55,2.05
5.535,-0.01,-1.35,1.42,1.96
5.545,0.04,-1.28,1,1.62
5.555,-0.01,-1.13,0.47,1.22
5.565,-0.2,-0.96,0.07,0.98
5.575,-0.31,-0.82,-0.29,0.92
5.585,-0.31,-0.71,-0.69,1.04
5.595,-0.27,-0.58,-1.09,1.26
5.605,-0.28,-0.41,-1.44,1.52
5.615,-0.32,-0.25,-1.67,1.71
5.625,-0.37,-0.12,-1.83,1.87
5.635,-0.39,0,-1.85,1.89
5.645,-0.42,0.1,-1.79,1.85
5.655,-0.43,0.13,-1.68,1.74
5.665,-0.41,0.17,-1.53,1.59
5.675,-0.41,0.17,-1.37,1.44
5.685,-0.41,0.2,-1.2,1.28
5.695,-0.38,0.23,-1.09,1.18
5.706,-0.36,0.31,-0.99,1.1
5.715,-0.35,0.39,-0.89,1.04
5.725,-0.37,0.46,-0.81,1
5.735,-0.39,0.5,-0.73,0.96
5.745,-0.39,0.54,-0.67,0.94
5.755,-0.4,0.59,-0.6,0.93
5.765,-0.45,0.66,-0.52,0.95
5.776,-0.5,0.71,-0.42,0.96
5.785,-0.5,0.77,-0.33,0.97
5.795,-0.48,0.81,-0.22,0.97
5.806,-0.42,0.84,-0.1,0.95
5.815,-0.37,0.88,0,0.96
5.825,-0.36,0.91,0.09,0.98
5.836,-0.36,0.86,0.24,0.96
5.846,-0.31,0.8,0.38,0.94
5.856,-0.17,0.73,0.49,0.89
5.866,-0.12,0.6,0.56,0.83
5.876,-0.16,0.48,0.69,0.85
5.886,-0.15,0.4,0.74,0.86
5.896,-0.2,0.41,0.73,0.86
5.906,-0.49,0.62,0.74,1.08
5.916,-0.77,0.94,0.44,1.29
5.926,-0.76,1.04,-0.11,1.29
5.936,-0.54,1.02,-0.84,1.42
5.946,-0.15,1.02,-1.53,1.85
5.956,0.17,1.03,-1.87,2.14
5.966,0.39,0.98,-1.54,1.87
5.976,0.5,0.71,-0.42,0.97
5.986,0.6,0.21,1.13,1.3
5.996,0.75,-0.37,2.59,2.72
6.006,0.86,-0.88,3.89,4.08
6.016,0.9,-1.32,4.63,4.9
6.026,0.71,-1.62,4.69,5.01
6.036,0.43,-1.72,4.14,4.51
6.046,0.23,-1.57,2.94,3.34
6.056,0.13,-1.23,1.56,1.99
6.066,0.12,-0.81,0.35,0.89
6.076,0.2,-0.41,-0.58,0.74
6.086,0.4,-0.16,-1.24,1.31
6.096,0.59,0.01,-1.6,1.7
6.106,0.69,0.12,-1.67,1.81
6.116,0.68,0.12,-1.38,1.54
6.126,0.59,-0.06,-0.7,0.92
6.136,0.48,-0.38,0.17,0.63
6.146,0.4,-0.78,0.75,1.15
6.156,0.3,-1.16,0.93,1.51
6.166,0.04,-1.34,0.84,1.58
6.176,-0.25,-1.36,0.46,1.46
6.186,-0.4,-1.23,-0.09,1.3
6.196,-0.49,-1,-0.67,1.3
6.206,-0.49,-0.74,-1.1,1.42
6.216,-0.4,-0.53,-1.45,1.6
6.226,-0.21,-0.31,-1.68,1.72
6.236,-0.09,-0.16,-1.84,1.85
6.246,-0.09,-0.04,-1.92,1.92
6.256,-0.12,0.06,-1.98,1.98
6.266,-0.22,0.12,-1.97,1.98
6.276,-0.31,0.16,-1.9,1.93
6.286,-0.38,0.23,-1.75,1.81
6.296,-0.38,0.26,-1.58,1.65
6.306,-0.37,0.31,-1.33,1.42
6.316,-0.39,0.32,-1.05,1.17
6.326,-0.37,0.29,-0.84,0.96
6.336,-0.32,0.25,-0.67,0.78
6.346,-0.23,0.21,-0.56,0.64
6.356,-0.06,0.28,-0.5,0.58
6.366,0.12,0.38,-0.38,0.55
6.376,0.24,0.42,-0.15,0.51
6.386,0.27,0.44,0.1,0.52
6.396,0.28,0.41,0.3,0.58
6.406,0.26,0.37,0.44,0.63
6.416,0.21,0.34,0.61,0.74
6.426,0.27,0.42,0.78,0.92
6.436,0.4,0.54,0.89,1.12
6.446,0.54,0.61,0.93,1.24
6.456,0.64,0.66,0.9,1.28
6.466,0.65,0.69,0.68,1.17
6.476,0.63,0.77,0.39,1.07
6.486,0.56,0.85,0.16,1.03
6.496,0.51,0.88,0.14,1.02
6.506,0.52,0.85,0.35,1.05
6.516,0.51,0.74,0.73,1.16
6.526,0.37,0.61,1.17,1.37
6.536,-0.05,0.59,1.3,1.43
6.546,-0.42,0.68,0.93,1.23
6.556,-0.4,0.79,0.34,0.95
6.566,-0.11,0.89,0.04,0.9
6.576,0.22,1.06,0.09,1.08
6.586,0.41,1.21,0.67,1.44
6.596,0.41,1.08,1.62,1.98
6.606,0.42,0.57,2.4,2.5
6.616,0.39,-0.05,2.87,2.9
6.626,0.25,-0.56,3.02,3.09
6.636,-0.01,-0.95,2.77,2.93
6.646,-0.24,-1.2,2.14,2.47
6.656,-0.44,-1.26,1.28,1.85
6.666,-0.62,-1.18,0.49,1.42
6.676,-0.73,-1.06,-0.23,1.31
6.686,-0.77,-0.93,-0.79,1.44
6.696,-0.66,-0.76,-1.26,1.61
6.706,-0.59,-0.63,-1.63,1.84
6.716,-0.53,-0.52,-1.87,2.02
6.726,-0.53,-0.4,-2.03,2.13
6.736,-0.55,-0.33,-1.98,2.09
6.746,-0.51,-0.4,-1.73,1.85
6.756,-0.44,-0.56,-1.21,1.41
6.766,-0.23,-0.77,-0.53,0.97
6.776,0.05,-0.98,0.09,0.99
6.787,0.21,-1.15,0.62,1.32
6.796,0.18,-1.31,1.01,1.66
6.806,0.02,-1.47,1.2,1.89
6.817,-0.18,-1.59,1.12,1.96
6.826,-0.39,-1.7,0.77,1.91
6.836,-0.49,-1.69,0.17,1.77
6.846,-0.5,-1.51,-0.45,1.65
6.856,-0.48,-1.23,-0.86,1.58
6.867,-0.42,-0.95,-1.2,1.58
6.877,-0.33,-0.7,-1.4,1.6
6.887,-0.26,-0.53,-1.53,1.64
6.897,-0.12,-0.35,-1.61,1.65
6.907,0.02,-0.2,-1.58,1.6
6.917,0.05,-0.09,-1.48,1.48
6.927,0.07,-0.01,-1.42,1.42
6.937,0.1,0.03,-1.37,1.38
6.947,0.15,0.09,-1.29,1.3
6.957,0.2,0.19,-1.2,1.23
6.967,0.24,0.33,-1.13,1.2
6.977,0.27,0.44,-1.07,1.18
6.987,0.27,0.52,-0.95,1.12
6.997,0.23,0.55,-0.83,1.02
7.007,0.19,0.54,-0.64,0.86
7.017,0.14,0.49,-0.44,0.67
7.027,0.11,0.43,-0.22,0.5
7.037,0.11,0.39,-0.02,0.4
7.047,0.06,0.31,0.14,0.34
7.057,0.01,0.23,0.25,0.34
7.067,0.05,0.17,0.28,0.33
7.077,0.08,0.16,0.23,0.29
7.087,0.06,0.18,0.13,0.23
7.097,0,0.2,-0.01,0.2
7.107,-0.11,0.23,0.01,0.26
7.117,-0.12,0.23,0.08,0.28
7.127,-0.06,0.23,0.19,0.31
7.137,0.05,0.27,0.36,0.46
7.147,0.11,0.27,0.61,0.68
7.157,0.09,0.27,0.86,0.91
7.167,0.02,0.21,1.1,1.12
7.177,-0.18,0.24,1.26,1.29
7.187,-0.44,0.3,1.06,1.19
7.197,-0.57,0.24,0.41,0.74
7.207,-0.5,0.21,-0.28,0.61
7.217,-0.33,0.38,-0.9,1.03
7.227,-0.13,0.75,-1.16,1.39
7.237,0.16,1.13,-1.02,1.53
7.247,0.52,1.29,-0.38,1.44
7.257,0.8,1.09,0.65,1.49
7.267,0.98,0.61,1.7,2.06
7.277,0.9,0.11,2.43,2.59
7.287,0.72,-0.25,2.97,3.06
7.297,0.49,-0.58,3.09,3.18
7.307,0.27,-0.88,2.93,3.07
7.317,0.19,-1.02,2.5,2.71
7.327,0.17,-1.04,1.81,2.09
7.337,0.15,-0.86,0.8,1.19
7.347,0.07,-0.56,-0.06,0.57
7.357,0.05,-0.31,-0.69,0.75
7.367,0.08,-0.07,-1.25,1.26
7.377,0.18,0.12,-1.7,1.72
7.387,0.37,0.27,-2.06,2.11
7.397,0.62,0.38,-2.3,2.41
7.407,0.89,0.51,-2.16,2.39
7.417,1.07,0.52,-1.44,1.86
7.427,1.16,0.29,-0.37,1.25
7.437,1.25,-0.09,0.41,1.32
7.447,1.21,-0.49,1.05,1.68
7.457,1.03,-0.86,1.47,1.99
7.467,0.62,-1.12,1.57,2.02
7.477,0.26,-1.25,1.38,1.88
7.487,0.1,-1.23,1.03,1.61
7.497,0,-1.11,0.54,1.23
7.507,0.08,-0.85,0.01,0.86
7.517,0.23,-0.45,-0.42,0.66
7.527,0.4,-0.09,-0.67,0.78
7.537,0.54,0.21,-0.9,1.07
7.547,0.6,0.35,-1.12,1.32
7.557,0.54,0.37,-1.35,1.5
7.567,0.44,0.35,-1.54,1.64
7.577,0.35,0.29,-1.77,1.83
7.587,0.2,0.24,-1.89,1.92
7.597,0.02,0.22,-1.82,1.83
7.607,-0.07,0.18,-1.63,1.64
7.617,-0.09,0.13,-1.36,1.36
7.627,-0.04,0.11,-1.06,1.06
7.637,0.03,0.09,-0.75,0.76
7.647,0.01,0.12,-0.49,0.51
7.657,-0.04,0.18,-0.34,0.39
7.667,-0.06,0.2,-0.23,0.31
7.677,0.01,0.26,-0.16,0.3
7.687,0.11,0.34,-0.12,0.38
7.697,0.15,0.43,-0.03,0.46
7.707,0.18,0.5,-0.01,0.53
7.717,0.22,0.59,0.01,0.63
7.727,0.33,0.68,0.01,0.76
7.738,0.36,0.73,-0.05,0.82
7.747,0.26,0.64,-0.17,0.71
7.757,0.09,0.44,-0.19,0.49
7.767,-0.09,0.16,0.05,0.19
7.777,-0.28,0,0.49,0.57
7.787,-0.52,0.15,0.82,0.99
7.797,-0.56,0.42,0.76,1.03
7.807,-0.16,0.62,0.22,0.68
7.817,0.41,0.97,-0.19,1.07
7.827,0.8,1.42,-0.08,1.63
7.837,0.97,1.76,0.31,2.03
7.848,0.91,1.62,0.89,2.06
7.857,0.87,1.03,1.61,2.1
7.868,0.88,0.33,2.16,2.35
7.878,0.69,-0.2,2.58,2.68
7.888,0.45,-0.55,2.8,2.89
7.898,0.16,-0.82,2.79,2.91
7.908,-0.03,-1,2.51,2.71
7.917,-0.04,-1.01,1.97,2.21
7.928,0.07,-0.84,1.07,1.36
7.938,-0.02,-0.61,0.31,0.68
7.948,-0.17,-0.44,-0.27,0.54
7.958,-0.26,-0.32,-0.73,0.84
7.968,-0.31,-0.33,-1.17,1.25
7.978,-0.45,-0.38,-1.57,1.67
7.988,-0.62,-0.39,-1.92,2.05
7.998,-0.78,-0.36,-2.2,2.37
8.008,-0.9,-0.38,-2.36,2.56
8.018,-0.95,-0.38,-2.27,2.49
8.028,-0.89,-0.43,-1.79,2.05
8.038,-0.67,-0.55,-1.04,1.36
8.048,-0.32,-0.68,-0.33,0.82
8.058,-0.04,-0.73,0.32,0.8
8.068,0.12,-0.78,0.82,1.13
8.078,0.17,-0.82,1.21,1.47
8.088,0.16,-0.88,1.41,1.67
8.098,0.16,-0.95,1.43,1.73
8.108,0.06,-1.02,1.24,1.61
8.118,-0.06,-1.02,0.77,1.28
8.128,-0.18,-0.88,0.11,0.91
8.138,-0.29,-0.68,-0.43,0.86
8.148,-0.38,-0.45,-0.81,1
8.158,-0.43,-0.31,-1.11,1.23
8.168,-0.45,-0.18,-1.4,1.48
8.178,-0.5,-0.1,-1.56,1.64
8.188,-0.57,-0.08,-1.63,1.73
8.198,-0.68,-0.09,-1.61,1.75
8.208,-0.72,-0.1,-1.49,1.66
8.218,-0.66,-0.09,-1.31,1.46
8.228,-0.54,-0.07,-1.06,1.19
8.238,-0.43,-0.03,-0.79,0.9
8.248,-0.33,-0.02,-0.59,0.67
8.258,-0.28,0.04,-0.45,0.53
8.268,-0.33,0.11,-0.36,0.5
8.278,-0.33,0.16,-0.32,0.49
8.288,-0.29,0.19,-0.34,0.49
8.298,-0.23,0.25,-0.39,0.52
8.308,-0.2,0.29,-0.34,0.49
8.318,-0.2,0.37,-0.22,0.48
8.328,-0.19,0.45,-0.11,0.5
8.338,-0.15,0.45,0.02,0.48
8.348,-0.09,0.44,0.09,0.46
8.358,-0.01,0.41,0.13,0.43
8.368,0.07,0.36,0.15,0.4
8.378,0.17,0.36,0.19,0.44
8.388,0.19,0.33,0.27,0.47
8.398,0.07,0.29,0.33,0.45
8.408,-0.19,0.21,0.42,0.5
8.418,-0.49,0.14,0.59,0.78
8.428,-0.82,0.22,0.86,1.2
8.438,-1.07,0.52,0.97,1.54
8.448,-1.03,0.67,0.74,1.43
8.458,-0.74,0.72,0.22,1.06
8.468,-0.28,1.04,-0.29,1.11
8.478,0.28,1.56,-0.63,1.71
8.488,0.9,1.99,-0.82,2.33
8.498,1.38,2.05,-0.61,2.55
8.508,1.83,1.74,0.35,2.55
8.518,1.95,0.9,1.79,2.8
8.528,1.91,-0.09,2.96,3.52
8.538,1.87,-0.96,3.81,4.35
8.548,1.59,-1.64,4.29,4.87
8.558,1.03,-2.19,4.23,4.87
8.568,0.47,-2.44,3.58,4.36
8.578,0.17,-2.4,2.42,3.41
8.588,0.06,-1.98,1.04,2.24
8.598,0.15,-1.31,0.01,1.32
8.608,0.29,-0.74,-0.86,1.17
8.618,0.56,-0.28,-1.69,1.8
8.628,0.97,0.13,-2.37,2.56
8.638,1.32,0.52,-2.72,3.07
8.648,1.52,0.76,-2.59,3.09
8.658,1.55,0.78,-1.94,2.6
8.668,1.36,0.39,-0.74,1.6
8.678,1.17,-0.3,0.31,1.25
8.688,0.93,-1,1.12,1.77
8.698,0.51,-1.55,1.63,2.31
8.708,0.02,-1.89,1.88,2.67
8.718,-0.48,-2.03,1.93,2.84
8.728,-0.93,-2.06,1.67,2.81
8.738,-1.08,-1.97,1.13,2.52
8.748,-0.94,-1.7,0.32,1.97
8.758,-0.71,-1.3,-0.39,1.53
8.768,-0.51,-0.87,-0.88,1.33
8.778,-0.31,-0.46,-1.23,1.35
8.788,-0.09,-0.14,-1.36,1.37
8.798,0.06,0.03,-1.44,1.44
8.808,0.17,0.11,-1.48,1.49
8.818,0.25,0.11,-1.51,1.53
8.828,0.31,0.13,-1.36,1.4
8.838,0.35,0.15,-1.05,1.12
8.848,0.37,0.11,-0.77,0.86
8.858,0.36,-0.01,-0.58,0.69
8.869,0.28,-0.13,-0.46,0.55
8.878,0.18,-0.21,-0.44,0.52
8.888,0,-0.26,-0.5,0.56
8.898,-0.17,-0.23,-0.63,0.69
8.908,-0.29,-0.17,-0.79,0.86
8.918,-0.37,-0.12,-0.87,0.95
8.928,-0.41,-0.11,-0.8,0.91
8.938,-0.33,-0.08,-0.69,0.76
8.948,-0.15,-0.04,-0.61,0.63
8.959,-0.04,0.04,-0.61,0.61
8.969,0.06,0.14,-0.66,0.68
8.979,0.18,0.26,-0.67,0.74
8.989,0.28,0.37,-0.64,0.79
8.999,0.44,0.46,-0.52,0.82
9.009,0.52,0.54,-0.39,0.85
9.019,0.55,0.59,-0.19,0.82
9.028,0.61,0.58,0.04,0.85
9.039,0.72,0.53,0.24,0.93
9.049,0.78,0.44,0.49,1.02
9.059,0.79,0.32,0.74,1.13
9.069,0.82,0.21,1,1.31
9.079,0.79,0.15,1.34,1.56
9.089,0.57,0.29,1.69,1.81
9.099,0.43,0.67,1.59,1.78
9.109,0.61,1.01,0.79,1.42
9.119,0.92,1.24,0.08,1.55
9.129,1.19,1.49,-0.2,1.92
9.139,1.21,1.72,-0.03,2.11
9.149,0.96,1.66,0.4,1.96
9.159,0.76,1.09,0.98,1.65
9.169,0.74,0.21,1.43,1.63
9.179,0.59,-0.49,1.92,2.07
9.189,0.32,-0.93,2.66,2.84
9.199,0.13,-1.21,3.31,3.52
9.209,0.08,-1.36,3.56,3.81
9.219,0.12,-1.42,3.34,3.63
9.229,0.23,-1.46,2.65,3.04
9.239,0.26,-1.39,1.64,2.17
9.249,0.05,-1.22,0.73,1.42
9.259,-0.21,-1.04,0.13,1.07
9.269,-0.3,-0.95,-0.27,1.03
9.279,-0.33,-0.94,-0.54,1.13
9.289,-0.32,-1.01,-0.74,1.29
9.299,-0.29,-0.98,-0.9,1.36
9.309,-0.35,-0.87,-1.02,1.39
9.319,-0.48,-0.78,-1.28,1.57
9.329,-0.73,-0.7,-1.53,1.84
9.339,-1.01,-0.54,-1.5,1.89
9.349,-1.09,-0.43,-1.61,1.99
9.359,-1.01,-0.42,-1.72,2.04
9.369,-0.66,-0.41,-1.57,1.75
9.379,-0.31,-0.44,-1.12,1.24
9.389,-0.1,-0.57,-0.49,0.76
9.399,0.16,-0.8,0.08,0.82
9.409,0.46,-1.08,0.57,1.3
9.419,0.59,-1.36,1.01,1.79
9.429,0.47,-1.57,1.42,2.17
9.439,0.17,-1.74,1.72,2.45
9.449,-0.16,-1.85,1.77,2.57
9.459,-0.45,-1.87,1.53,2.45
9.469,-0.54,-1.78,0.97,2.1
9.479,-0.53,-1.53,0.28,1.64
9.489,-0.53,-1.15,-0.17,1.28
9.499,-0.45,-0.81,-0.49,1.05
9.509,-0.33,-0.57,-0.75,1
9.519,-0.18,-0.45,-0.94,1.06
9.529,-0.05,-0.34,-1.08,1.14
9.539,0.07,-0.18,-1.11,1.13
9.549,0.12,-0.05,-1.13,1.13
9.559,0.12,0.03,-1.06,1.07
9.569,0.11,0.05,-0.9,0.9
9.579,0.1,0.04,-0.72,0.73
9.589,0.14,0,-0.52,0.54
9.599,0.1,-0.02,-0.35,0.36
9.609,0.05,-0.07,-0.22,0.24
9.619,0.05,-0.12,-0.12,0.17
9.629,0.04,-0.17,-0.16,0.24
9.639,-0.07,-0.21,-0.15,0.26
9.649,-0.14,-0.22,-0.06,0.27
9.659,-0.2,-0.23,0.04,0.31
9.669,-0.26,-0.23,0.07,0.35
9.679,-0.24,-0.18,0.04,0.3
9.689,-0.18,-0.06,-0.06,0.2
9.699,-0.13,0.05,-0.08,0.17
9.709,-0.14,0.15,-0.05,0.21
9.719,-0.15,0.22,-0.06,0.27
9.729,-0.13,0.23,-0.04,0.27
9.739,-0.11,0.24,-0.03,0.26
9.749,-0.12,0.24,-0.05,0.28
9.759,-0.1,0.28,-0.1,0.32
9.769,-0.08,0.3,-0.08,0.33
9.779,-0.09,0.32,-0.05,0.33
9.789,-0.07,0.29,-0.01,0.3
9.799,-0.08,0.26,0.01,0.27
9.809,-0.11,0.21,-0.04,0.25
9.819,-0.17,0.17,-0.11,0.26
9.829,-0.28,0.16,-0.12,0.34
9.839,-0.38,0.13,-0.15,0.43
9.849,-0.48,0.04,-0.18,0.52
9.859,-0.53,-0.06,-0.19,0.56
9.869,-0.5,-0.1,-0.09,0.52
9.88,-0.46,0.01,0.15,0.48
9.889,-0.6,0.23,0.4,0.76
9.899,-0.8,0.55,0.4,1.05
9.909,-0.67,0.73,0.04,0.99
9.919,-0.28,0.67,-0.44,0.85
9.93,0.14,0.7,-0.63,0.95
9.939,0.44,0.78,-0.39,0.98
9.95,0.55,0.7,0.06,0.89
9.96,0.45,0.39,0.59,0.84
9.97,0.43,-0.1,1,1.09
9.98,0.43,-0.57,1.21,1.41
9.989,0.37,-0.89,1.35,1.66
10,0.2,-1.01,1.4,1.74
10.01,0.03,-1.05,1.3,1.66
10.02,-0.13,-1.05,1.15,1.57
10.03,-0.17,-1.12,0.82,1.4
10.039,-0.01,-1.2,0.48,1.29
10.05,0.2,-1.24,0.24,1.27
10.06,0.36,-1.28,0.13,1.34
10.07,0.47,-1.3,0.23,1.4
10.08,0.62,-1.27,0.56,1.52
10.089,0.76,-1.27,0.85,1.71
10.1,0.91,-1.21,0.96,1.79
10.11,1.01,-1.12,0.81,1.71
10.12,1.03,-1.04,0.57,1.57
10.13,1.08,-0.95,0.41,1.49
10.14,1.16,-0.88,0.34,1.49
10.15,1.32,-0.85,0.37,1.61
10.16,1.49,-0.83,0.48,1.77
10.17,1.59,-0.85,0.73,1.94
10.18,1.66,-0.94,1.12,2.21
10.19,1.64,-1.16,1.64,2.59
10.2,1.6,-1.48,2.11,3.03
10.21,1.62,-1.78,2.45,3.43
10.22,1.59,-1.96,2.63,3.64
10.23,1.55,-2.05,2.68,3.71
10.24,1.55,-2.06,2.69,3.72
10.25,1.65,-2.04,2.55,3.66
10.26,1.84,-1.96,2.31,3.54
10.27,2.03,-1.86,2.12,3.47
10.28,2.21,-1.7,1.95,3.4
10.29,2.37,-1.55,1.84,3.38
10.3,2.47,-1.44,1.78,3.36
10.31,2.45,-1.41,1.61,3.25
10.32,2.3,-1.49,1.44,3.1
10.33,2.18,-1.6,1.38,3.03
10.34,2.03,-1.75,1.35,3
10.35,1.86,-1.88,1.29,2.94
10.36,1.72,-1.95,1.28,2.9
10.37,1.6,-1.99,1.31,2.87
10.38,1.55,-2,1.44,2.91
10.39,1.47,-2.06,1.57,2.98
10.4,1.39,-2.12,1.67,3.04
10.41,1.33,-2.18,1.76,3.11
10.42,1.29,-2.23,1.87,3.18
10.43,1.23,-2.3,1.88,3.21
10.44,1.17,-2.31,1.91,3.22
10.45,1.13,-2.35,1.95,3.26
10.46,1.12,-2.36,2.01,3.3
10.47,1.21,-2.32,2.08,3.34
10.48,1.35,-2.24,2,3.29
10.49,1.48,-2.1,1.78,3.12
10.5,1.54,-1.94,1.5,2.89
10.51,1.52,-1.8,1.15,2.62
10.52,1.38,-1.73,0.85,2.37
10.53,1.22,-1.69,0.6,2.17
10.54,1.1,-1.72,0.39,2.08
10.55,1.01,-1.75,0.23,2.03
10.56,0.89,-1.79,0.13,2.01
10.57,0.84,-1.79,0.21,1.99
10.58,0.85,-1.77,0.48,2.02
10.59,0.93,-1.75,0.84,2.16
10.6,1.11,-1.73,1.13,2.35
10.61,1.25,-1.72,1.33,2.51
10.62,1.29,-1.74,1.37,2.56
10.63,1.25,-1.78,1.24,2.5
10.64,1.16,-1.8,1.1,2.41
10.65,1.13,-1.76,1,2.32
10.66,1.16,-1.67,0.96,2.25
10.67,1.25,-1.59,0.92,2.22
10.68,1.3,-1.51,0.91,2.19
10.69,1.33,-1.47,1.02,2.23
10.7,1.33,-1.47,1.21,2.32
10.71,1.32,-1.55,1.36,2.45
10.72,1.36,-1.59,1.41,2.52
10.73,1.4,-1.64,1.41,2.57
10.74,1.32,-1.66,1.3,2.49
10.75,1.24,-1.64,1.12,2.34
10.76,1.05,-1.61,1.07,2.2
10.77,0.85,-1.61,1.17,2.16
10.78,0.74,-1.66,1.36,2.27
10.79,0.67,-1.77,1.63,2.5
10.8,0.64,-1.85,1.88,2.71
10.81,0.62,-1.94,2.07,2.9
10.82,0.48,-2.05,2.1,2.97
10.831,0.21,-2.15,2,2.94
10.84,-0.03,-2.21,1.8,2.85
10.851,-0.19,-2.14,1.5,2.62
10.86,-0.37,-2.01,1.1,2.32
10.871,-0.58,-1.9,0.72,2.11
10.88,-0.72,-1.76,0.44,1.95
10.891,-0.84,-1.59,0.29,1.82
10.9,-1.02,-1.45,0.2,1.78
10.91,-1.2,-1.27,0.05,1.75
10.92,-1.32,-1.06,-0.21,1.7
10.93,-1.28,-0.88,-0.58,1.66
10.94,-1.04,-0.83,-0.9,1.61
10.951,-0.68,-0.86,-0.89,1.41
10.96,-0.29,-0.91,-0.44,1.05
10.97,-0.1,-0.98,0.22,1.01
10.981,-0.19,-1.06,0.69,1.28
10.99,-0.41,-1.05,0.83,1.4
11,-0.71,-0.92,0.83,1.43
11.01,-0.94,-0.72,0.5,1.28
11.021,-1.03,-0.53,-0.17,1.17
11.03,-1.04,-0.34,-0.8,1.35
11.04,-0.95,-0.11,-1.07,1.44
11.05,-0.79,0.14,-0.98,1.27
11.061,-0.59,0.22,-0.69,0.94
11.071,-0.41,0.11,-0.39,0.58
11.081,-0.25,-0.15,-0.26,0.4
11.091,-0.27,-0.46,-0.17,0.56
11.101,-0.37,-0.74,0.08,0.83
11.111,-0.45,-1.01,0.27,1.13
11.121,-0.6,-1.28,0.44,1.48
11.131,-0.79,-1.51,0.45,1.76
11.141,-1,-1.63,0.43,1.96
11.151,-1.13,-1.55,0.49,1.98
11.161,-1.21,-1.4,0.52,1.93
11.171,-1.26,-1.22,0.46,1.81
11.181,-1.24,-1.03,0.31,1.64
11.191,-1.22,-0.88,0.08,1.51
11.201,-1.2,-0.7,-0.13,1.39
11.211,-1.08,-0.52,-0.24,1.23
11.221,-0.88,-0.39,-0.29,1.01
11.234,-0.78,-0.32,-0.13,0.86
11.241,-0.78,-0.38,0.15,0.88
11.251,-0.74,-0.47,0.38,0.96
11.261,-0.72,-0.57,0.53,1.06
11.271,-0.71,-0.62,0.54,1.09
11.281,-0.68,-0.59,0.57,1.07
11.291,-0.68,-0.53,0.44,0.97
11.301,-0.72,-0.38,0.21,0.84
11.311,-0.85,-0.19,-0.02,0.87
11.321,-0.99,-0.05,-0.21,1.01
11.331,-1.17,0,-0.39,1.23
11.341,-1.29,0.03,-0.56,1.4
11.351,-1.31,0.07,-0.73,1.5
11.361,-1.27,0.15,-0.83,1.53
11.371,-1.09,0.28,-0.74,1.35
11.381,-1,0.4,-0.64,1.25
11.391,-1,0.43,-0.53,1.22
11.401,-0.99,0.42,-0.54,1.21
11.411,-0.88,0.45,-0.69,1.2
11.421,-0.77,0.51,-0.81,1.23
11.431,-0.68,0.6,-0.84,1.23
11.441,-0.56,0.67,-0.83,1.21
11.451,-0.41,0.72,-0.84,1.17
11.461,-0.22,0.75,-0.72,1.06
11.471,-0.06,0.75,-0.42,0.86
11.481,-0.01,0.62,-0.05,0.62
11.491,0.05,0.47,0.26,0.54
11.501,0.1,0.34,0.44,0.56
11.511,0.02,0.23,0.53,0.58
11.521,-0.14,0.18,0.5,0.55
11.531,-0.24,0.18,0.4,0.5
11.541,-0.35,0.25,0.26,0.5
11.551,-0.47,0.31,0.18,0.59
11.561,-0.55,0.35,0.13,0.66
11.571,-0.68,0.35,0.16,0.78
11.581,-0.79,0.34,0.21,0.89
11.591,-0.8,0.35,0.32,0.93
11.601,-0.7,0.35,0.42,0.89
11.611,-0.52,0.34,0.48,0.78
11.621,-0.41,0.28,0.56,0.75
11.631,-0.46,0.37,0.81,1
11.641,-0.63,0.6,1.11,1.41
11.651,-0.69,0.65,1.25,1.57
11.661,-0.63,0.42,1.21,1.43
11.671,-0.51,0.17,1.16,1.28
11.681,-0.35,0.03,1.01,1.07
11.691,-0.1,-0.09,0.63,0.65
11.701,0.07,-0.24,0.19,0.31
11.711,0.17,-0.4,0.01,0.43
11.721,0.22,-0.59,0.2,0.66
11.731,0.1,-0.84,0.79,1.16
11.741,-0.01,-1.12,1.67,2.01
11.751,-0.05,-1.46,2.62,3
11.761,-0.06,-1.7,3.37,3.78
11.771,-0.07,-1.89,3.77,4.21
11.781,-0.2,-1.96,3.63,4.13
11.791,-0.23,-1.93,2.96,3.54
11.801,-0.07,-1.72,1.93,2.59
11.811,0.12,-1.4,0.74,1.58
11.821,0.28,-0.9,-0.41,1.03
11.831,0.56,-0.41,-1.42,1.58
11.841,0.74,-0.03,-2.02,2.15
11.851,0.86,0.15,-2.07,2.24
11.861,0.91,0.13,-1.44,1.71
11.871,0.8,-0.14,-0.61,1.02
11.881,0.63,-0.62,0.06,0.89
11.891,0.33,-1.05,0.71,1.31
11.901,0.06,-1.26,1.08,1.65
11.911,-0.27,-1.43,1.15,1.86
11.921,-0.6,-1.5,0.9,1.85
11.931,-0.77,-1.41,0.47,1.67
11.941,-0.68,-1.15,-0.1,1.34
11.951,-0.48,-0.8,-0.55,1.08
11.961,-0.22,-0.39,-0.86,0.97
11.971,0.13,-0.04,-1.14,1.15
11.981,0.42,0.23,-1.31,1.4
11.991,0.64,0.44,-1.44,1.64
12.001,0.73,0.56,-1.42,1.7
12.011,0.77,0.6,-1.4,1.71
12.021,0.78,0.64,-1.3,1.65
12.031,0.81,0.71,-1.18,1.6
12.041,0.83,0.77,-1.05,1.54
12.051,0.79,0.75,-0.84,1.38
12.062,0.69,0.65,-0.43,1.04
12.071,0.61,0.47,-0.07,0.77
12.082,0.45,0.22,-0.05,0.51
12.092,0.23,0.12,-0.38,0.46
12.102,0.01,0.13,-0.53,0.55
12.111,-0.13,0.19,-0.52,0.57
12.122,-0.44,0.79,-1.04,1.38
12.132,-0.54,1,-0.98,1.5
12.142,0.27,0.63,-0.74,1.01
